Workbook

Sheet Stories
A1: ID | B1: Area | C1: Feature | D1: User story | E1: Expected behaviour (from code) | F1: Code refs | G1: How to test | H1: Status | I1: Test result | J1: Error notes | K1: Fix (commit / note) | L1: Retest result | M1: Last updated
A2: UI-01 | B2: UI: Dashboard | C2: Root redirect | D2: As an operator, I want / to take me to the dashboard so that the app has a single landing page. | E2: GET / returns 302 Location /dashboard (url_for('dashboard')). GET /dashboard returns 200 HTML titled 'DockSentinel — Overview'. | F2: app/web/routes.py:32-34, app/web/routes.py:37-69, app/templates/dashboard.html:2 | G2: curl -i http://127.0.0.1:5001/ → expect 302 + Location: /dashboard; curl -s http://127.0.0.1:5001/dashboard | grep 'Overview'. | H2: Pass | I2: GET / -> 302 Location /dashboard; GET /dashboard 200 with <title>DockSentinel — Overview</title>. | M2: 2026-08-15
A3: UI-02 | B3: UI: Dashboard | C3: Primary nav with active link | D3: As an operator, I want a header nav on every page so that I can move between Overview/Events/Issues/Reports/Exclusions/Prompts/Settings. | E3: Sidebar nav renders 7 links grouped Monitor/Configure; the link whose path prefix matches gets nav__link--active + aria-current='page'; brand link -> /dashboard. | F3: app/templates/base.html:20-36 | G3: curl -s http://127.0.0.1:5001/insights | grep -c 'nav__link--active' → 1 and it wraps 'Events'; repeat for /settings, /prompts. | H3: Pass | I3: base.html renders 7 nav links (Monitor: Overview/Events/Issues/Reports; Configure: Settings/Exclusions/Prompts) in a sidebar. Exactly one nav__link--active + aria-current=page per page: /insights->Events, /settings->Settings, /prompts->Prompts, /dashboard->Overview. Both brand links href=/dashboard. | M3: 2026-08-15
A4: UI-03 | B4: UI: Dashboard | C4: Sentinel running/stopped badge | D4: As an operator, I want to see at a glance whether the sentinel is enabled so that I know if containers are watched. | E4: Hero card title 'Sentinel is running|stopped|degraded' (hero--running/--stopped/--degraded, pulse--live when enabled) with a 'Runtime' fact showing state.runtime_status in mono text. | F4: app/templates/dashboard.html:9-16, app/web/routes.py:40 | G4: GET /dashboard, grep for 'badge--ok">running' or 'badge--neutral">stopped'; POST /sentinel/toggle enabled=false then re-GET and confirm 'stopped'. | H4: Pass | I4: Badge replaced by status hero: 'Sentinel is stopped' (hero--stopped) when disabled; 'Sentinel is running' (hero--running, pulse--live) when enabled; 'Sentinel is degraded' when enabled and llm_failure_count>0 or last_error. Runtime fact shows state.runtime_status in mono. Verified via /sentinel/toggle. | M4: 2026-08-15
A5: UI-04 | B5: UI: Dashboard | C5: Stopped-sentinel warning banner with Start button | D5: As an operator, I want a warning banner when the sentinel is stopped so that I can start it in one click. | E5: When not enabled the hero card reads 'Sentinel is stopped.' with a Settings link and a POST /sentinel/toggle (enabled=true) 'Start sentinel' button; when enabled it shows Stop instead. | F5: app/templates/dashboard.html:25-36, app/web/routes.py:293-298 | G5: curl -X POST -d enabled=false http://127.0.0.1:5001/sentinel/toggle; GET /dashboard → banner present. Then POST enabled=true → banner gone. | H5: Pass | I5: When stopped, hero--stopped shows 'Sentinel is stopped' + 'No containers are being watched…', a form POST /sentinel/toggle enabled=true 'Start sentinel' and a Settings link (/settings). When enabled the Start form is gone (Stop shown instead). | M5: 2026-08-15
A6: UI-05 | B6: UI: Dashboard | C6: Start / Stop sentinel buttons | D6: As an operator, I want Start and Stop buttons so that I can toggle the sentinel from the Overview. | E6: One form POST /sentinel/toggle is rendered: hidden enabled=false 'Stop sentinel' when enabled, else enabled=true 'Start sentinel' (btn--primary). Non-'true' or missing value => disabled. Always 302 /dashboard. | F6: app/templates/dashboard.html:42-51, app/web/routes.py:293-298 | G6: curl -i -X POST -d enabled=true http://127.0.0.1:5001/sentinel/toggle → 302 /dashboard; GET /dashboard shows Start button with 'disabled'. Attach may need docker; toggle itself works without. | H6: Pass | I6: POST enabled=true -> 302 /dashboard, page then shows only 'Stop sentinel' (enabled=false form); enabled=false -> only 'Start sentinel'. enabled=yes or missing -> treated as false (stopped). Only one form is rendered at a time instead of a disabled pair. | M6: 2026-08-15
A7: UI-06 | B7: UI: Dashboard | C7: Sentinel stat tiles | D7: As an operator, I want Active containers, LLM failures and Runtime stats so that I can judge health. | E7: Hero facts: Runtime = runtime_status; Attached = len(active_container_ids()) containers; LLM failures = llm_failure_count (text-warning if >0); Since = started_at or '—'. | F7: app/templates/dashboard.html:54-70, app/web/routes.py:66 | G7: GET /dashboard and inspect the three .stat blocks; without docker Active is 0 and 'not started' shown until sentinel started. | H7: Pass | I7: Hero facts: Runtime=state.runtime_status (mono), Attached='N container(s)' from active_container_ids(), LLM failures (text-warning when >0), Since=started_at or '—'. Without docker: 0 containers, 0 failures, Since '—' when stopped, timestamp when started. | M7: 2026-08-15
A8: UI-07 | B8: UI: Dashboard | C8: Analyze-now container picker (JS) | D8: As an operator, I want to pick a running container from a dropdown or type one so that I can trigger an immediate analysis. | E8: Select lists sorted running docker container names + 'Other…'; if docker unavailable only 'Enter container manually…' (value __other__) and the text input is visible. JS: choosing __other__ reveals/focuses input; on submit, a picked name is copied into input name=container; empty selection or empty custom blocks submit. | F8: app/templates/dashboard.html:72-94, app/web/routes.py:72-84, app/static/app.js:102-133 | G8: Open /dashboard in browser (no docker → manual input shown). Click 'Analyze now' with empty input → no navigation. Docker daemon needed to see real names in the select. | H8: Pass | I8: No docker: select[data-analyze-select] has single option __other__ 'Enter container manually…' and input[name=container][data-analyze-custom] is not hidden. app.js wireAnalyzeForm finds data-analyze-form/select/custom; blocks submit when custom empty; copies picked name into input. Real names need docker (not testable). | M8: 2026-08-15
A9: UI-08 | B9: UI: Dashboard | C9: Analyze-now submission and error banner | D9: As an operator, I want analyze failures shown on the dashboard so that I know why a run did not happen. | E9: Dashboard renders a banner--critical role=alert 'Analyze failed.' with the analyze_error text when the query param is present. | F9: app/web/routes.py:301-311, app/templates/dashboard.html:19-23 | G9: curl -i -X POST -d container= http://127.0.0.1:5001/sentinel/analyze → Location contains analyze_error=no+container+selected; curl -i -X POST -d container=nosuch … → 302 with error text (docker not available error). GET that Location and grep 'Analyze failed'. | H9: Pass | I9: POST container= -> 302 /dashboard?analyze_error=no+container+selected; container=nosuch -> 302 with analyze_error=Error while fetching server API version… ; GET with analyze_error renders banner--critical 'Analyze failed.' + text; absent otherwise. | M9: 2026-08-15
A10: UI-09 | B10: UI: Dashboard | C10: Today counts card | D10: As an operator, I want today's critical/warning/noise/skipped/error counts so that I can see the day's signal. | E10: Today stat tiles Critical/Warning/Noise (LLM)/Skipped (prefilter) computed as before; 'Errors' tile only rendered when counts.errors>0. | F10: app/web/routes.py:41-55, app/templates/dashboard.html:98-113 | G10: GET /dashboard, read dl.kv values; verify 'Errors' dt absent when no llm/parse errors today. Seed events via DB or API to check math. | H10: Pass | I10: Seeded 7 events today: Critical 1, Warning 1, Noise (LLM) 1, Skipped (prefilter) 2 (skipped+dedup_skipped), Errors 1 (llm_error), container_event ignored. Temporarily changing the llm_error row to excluded gave Skipped 3 and the Errors tile disappeared. | M10: 2026-08-15
A11: UI-10 | B11: UI: Dashboard | C11: Generate nightly report button (dashboard) | D11: As an operator, I want to trigger a report from the Overview so that I don't need to open Reports. | E11: Form POST /reports/generate calls briefing.generate_report() and 302-redirects to /reports (not back to dashboard). | F11: app/templates/dashboard.html:114-116, app/web/routes.py:219-222 | G11: curl -i -X POST http://127.0.0.1:5001/reports/generate → 302 Location /reports; GET /reports shows a new archive entry (status generated or llm error). | H11: Pass | I11: POST /reports/generate -> 302 Location /reports; new report #2 (llm_error, no LLM reachable) appeared first in archive and as Latest report on dashboard. Removed afterwards. | M11: 2026-08-15
A12: UI-11 | B12: UI: Dashboard | C12: Latest report link card | D12: As an operator, I want a link to the most recent report so that I can open it quickly. | E12: 'Latest report' card always renders; with a report it links /reports?id=<id> showing '#<id>', created_at and a status badge; with none it shows 'No nightly report yet' + Generate button. | F12: app/templates/dashboard.html:119-128, app/web/routes.py:58 | G12: On fresh DB GET /dashboard has no 'Latest report'; after POST /reports/generate it appears with href /reports?id=1. | H12: Pass | I12: With report present: 'Latest report' card has row-link href=/reports?id=1, '#1', created_at and status badge (generated/llm error). With reports table temporarily empty: card shows 'No nightly report yet' + 'Generate nightly report' form instead of being omitted. | M12: 2026-08-15
A13: UI-12 | B13: UI: Dashboard | C13: Recent events table | D13: As an operator, I want the 10 most recent events with severity/status/summary so that I can spot recent activity. | E13: Table of event_repo.get_recent(limit=10): time, container, badge critical/warning/else noise (classification or 'noise'), mono status, summary or '—'. Empty → 'No events yet' empty state. 'View all →' links to /insights. | F13: app/templates/dashboard.html:132-179, app/web/routes.py:57 | G13: GET /dashboard: on empty DB grep 'No events yet'; with events confirm ≤10 rows and 'View all' href=/insights. | H13: Pass | I13: Recent events table renders 7 rows (<=10) with time, container link, badge critical/warning/noise, mono status, summary/—; 'View all' href=/insights. With events temporarily removed: 'No events yet' empty state (+ Start sentinel CTA when stopped). | M13: 2026-08-15
... A53: UI-52 | B53: UI: Settings | C53: Sticky section nav anchors | D53: As an operator I can jump between settings sections. | E53: nav[data-section-nav] links #llm,#budgets,#alerts,#limits,#scheduler each match a section id on the page; app.js wireSectionNav highlights via IntersectionObserver. | F53: app/templates/settings.html:29-35,39,89,113,151,182, app/static/app.js:338-359 | G53: curl -s /settings | grep -oE 'href="#[a-z]+"|section" id="[a-z]+"' and compare sets. | H53: Pass | I53: Anchors {#llm,#budgets,#alerts,#limits,#scheduler} exactly match section ids; #main skip link targets main#main. | M53: 2026-08-15
A54: UI-53 | B54: UI: Global | C54: Empty states have a CTA | D54: As a user every empty state offers a next action. | E54: Every data-empty state renders a link or button: dashboard events (Start sentinel), latest report (Generate), events (Clear filters / Go to Overview), reports (Generate now), issues (Show all / hint), exclusions (add form). | F54: app/templates/dashboard.html:170-180,254-260, app/templates/insights.html:126-137, app/templates/reports.html:37-46, app/templates/issues.html:47-56, app/templates/exclusions.html:53-61 | G54: Temporarily empty each table (backup/restore via sqlite3) and grep the empty state for <a class="btn"|<button. | H54: Pass (after fix) | I54: CTA present: dashboard events (Start sentinel when stopped), latest report (Generate nightly report), events (Clear filters / Go to Overview), reports (Generate now), issues filtered (Show all). Missing: exclusions 'No exclusions configured' (text only, no button/link) and issues unfiltered 'No issues' (Telegram hint, no link). | J54: Expected every empty state to have a CTA link/button; observed none in app/templates/exclusions.html:53-59 (empty state has only text; add form is above) and app/templates/issues.html:47-54 when no status filter (no link/button). Also dashboard 'No events yet' has no CTA when sentinel is enabled (dashboard.html:170-179). | K54: empty states now carry a CTA (Add a pattern / Browse events / Open events) | L54: CTA present in every empty state (verified issues?status=closed 'Show all'; exclusions template has 'Add a pattern') | M54: 2026-08-15
A55: UI-54 | B55: UI: Global | C55: Page titles | D55: As a user each page tab reads 'DockSentinel — <Page>'. | E55: Titles: /dashboard Overview, /insights Events, /issues Issues, /reports Reports, /settings Settings, /exclusions Exclusions, /prompts Prompts (7 pages; / redirects to dashboard). | F55: app/templates/*.html:2, app/templates/base.html:7 | G55: for p in dashboard insights issues reports settings exclusions prompts; do curl -s /$p | grep -o '<title>.*</title>'; done | H55: Pass | I55: All 7 pages return 'DockSentinel — Overview|Events|Issues|Reports|Settings|Exclusions|Prompts'; / is a 302 to /dashboard (8th route). Sidebar topbar__title matches active label. | M55: 2026-08-15
A56: UI-55 | B56: UI: Global | C56: No external network assets | D56: As a homelab user the UI works offline. | E56: No <link>/<script src> with http(s):// on any page; CSS/JS/favicon served from /static; icons are inline SVG symbols; no CDN fonts. | F56: app/templates/base.html:8-19, app/static/css/app.css | G56: for each page: curl -s | grep -E '<link|<script' | grep -E 'https?://' -> empty; grep -c '@import\|url(http' app/static/css/app.css -> 0. | H56: Pass | I56: No http(s):// in any <link>/<script> on all 7 pages; only /static/css/app.css, /static/app.js, /static/favicon.svg. app.css has no @import/url(http…). Icons are inline <symbol> sprites. | M56: 2026-08-15
A57: UI-56 | B57: UI: Prompts | C57: Restore-default disabled state | D57: As an editor the Restore default button is disabled when the prompt is already default. | E57: button[name=action][value=reset] has 'disabled' when selected_prompt.is_default; enabled after saving custom content; disabled again after reset. | F57: app/templates/prompt_studio.html:39, app/web/routes.py:231-247 | G57: curl -s /prompts | grep 'value="reset" disabled'; POST action=save content=x key=SENTINEL_ANALYSIS; GET -> no disabled; POST action=reset -> disabled again. | H57: Pass | I57: Default prompt: 'value="reset" disabled'; after saving 'new text' the attribute is absent (badge customised); after reset it is disabled again (badge default). Prompt restored to version 1. | M57: 2026-08-15
A58: API-01 | B58: API: Health | C58: Health probe | D58: As an operator I want GET /api/health so Docker HEALTHCHECK can verify the app is up. | E58: 200 JSON {status:'ok', runtime:{enabled,runtime_status,started_at,last_error,llm_failure_count,llm_last_failure_at,updated_at}}. Always open even when basic auth is enabled. | F58: app/api/health.py:12-15; app/schemas/health.py:8-10; app/security.py:22,66-67 | G58: curl -s -i http://127.0.0.1:5001/api/health | head -20 # expect 200 and status:'ok' with runtime object | H58: Pass | I58: GET /api/health -> 200 application/json {status:'ok', runtime:{enabled,runtime_status,started_at,last_error,llm_failure_count,llm_last_failure_at,updated_at}}; all 7 runtime keys present. | M58: 2026-08-15
A59: API-02 | B59: API: Security | C59: Origin guard - cross-site POST rejected | D59: As an operator I want state-changing requests with a foreign Origin header rejected to prevent CSRF. | E59: Any non-GET/HEAD/OPTIONS request whose Origin netloc != request Host (or X-Forwarded-Host) → 403 with description 'cross-site request rejected' (Flask default 403 body). | F59: app/security.py:21,50-59 | G59: curl -s -o /dev/null -w '%{http_code}' -X POST -H 'Origin: http://evil.example' http://127.0.0.1:5001/api/sentinel/toggle -H 'Content-Type: application/json' -d '{}' # expect 403 | H59: Pass | I59: POST /api/sentinel/toggle with Origin: http://evil.example -> 403, Flask default HTML body containing 'cross-site request rejected'. | M59: 2026-08-15
A60: API-03 | B60: API: Security | C60: Origin guard - Origin: null rejected | D60: As an operator I want Origin: null (sandboxed/opaque origins) treated as cross-site. | E60: POST with header Origin: null → 403. | F60: app/security.py:56-58 | G60: curl -s -o /dev/null -w '%{http_code}' -X POST -H 'Origin: null' http://127.0.0.1:5001/api/sentinel/toggle -H 'Content-Type: application/json' -d '{}' # expect 403 | H60: Pass | I60: POST with Origin: null -> 403. | M60: 2026-08-15
A61: API-04 | B61: API: Security | C61: Origin guard - same-origin allowed | D61: As the web UI I want same-host Origin accepted so browser fetches work. | E61: POST with Origin: http://127.0.0.1:5001 passes the guard (proceeds to handler, e.g. 200). | F61: app/security.py:25-27,37,56-59 | G61: curl -s -o /dev/null -w '%{http_code}' -X POST -H 'Origin: http://127.0.0.1:5001' http://127.0.0.1:5001/api/sentinel/toggle -H 'Content-Type: application/json' -d '{"enabled":false}' # expect 200 | H61: Pass | I61: POST toggle with Origin: http://127.0.0.1:5001 -> 200 {state:{enabled:false,...}} (guard passed, handler ran). | M61: 2026-08-15
A62: API-05 | B62: API: Security | C62: Origin guard - Referer fallback | D62: As an operator I want cross-site Referer (when no Origin) rejected too. | E62: POST without Origin but Referer pointing at another host → 403; Referer with same host → allowed. | F62: app/security.py:54,60-61 | G62: curl -s -o /dev/null -w '%{http_code}' -X POST -H 'Referer: http://evil.example/page' http://127.0.0.1:5001/api/sentinel/toggle -H 'Content-Type: application/json' -d '{}' # expect 403 | H62: Pass | I62: No Origin + Referer http://evil.example/page -> 403; Referer http://127.0.0.1:5001/page -> 200. | M62: 2026-08-15
A63: API-06 | B63: API: Security | C63: Origin guard - X-Forwarded-Host honoured | D63: As an operator behind a reverse proxy I want Origin matching X-Forwarded-Host accepted. | E63: POST with Origin: https://public.example and X-Forwarded-Host: public.example → not rejected by guard. | F63: app/security.py:30-43 | G63: curl -s -o /dev/null -w '%{http_code}' -X POST -H 'Origin: https://public.example' -H 'X-Forwarded-Host: public.example' http://127.0.0.1:5001/api/sentinel/toggle -H 'Content-Type: application/json' -d '{"enabled":false}' # expect 200 | H63: Pass | I63: Origin https://public.example + X-Forwarded-Host public.example -> 200 {state:...}. | M63: 2026-08-15
A64: API-07 | B64: API: Security | C64: Origin guard - safe methods bypass | D64: As any client I want GET requests unaffected by the origin check. | E64: GET with foreign Origin still returns 200 (guard only inspects non-safe methods). | F64: app/security.py:21,51-52 | G64: curl -s -o /dev/null -w '%{http_code}' -H 'Origin: http://evil.example' http://127.0.0.1:5001/api/settings # expect 200 | H64: Pass | I64: GET /api/settings with Origin: http://evil.example -> 200. | M64: 2026-08-15
A65: API-08 | B65: API: Security | C65: Basic auth 401 when enabled | D65: As an operator who set BASIC_AUTH_USER/BASIC_AUTH_PASSWORD I want unauthenticated requests refused. | E65: When both env vars set: any path except /api/health without valid Basic creds → 401 body 'authentication required', header WWW-Authenticate: Basic realm="DockSentinel". Correct creds → normal response. Not enabled → no auth required. | F65: app/security.py:64-82,90-96 | G65: Requires server started with BASIC_AUTH_USER=u BASIC_AUTH_PASSWORD=p. curl -s -i http://127.0.0.1:5001/api/settings | head -3 # 401 + WWW-Authenticate; then curl -u u:p ... # 200. Fallback if not enabled: expect 200 without creds. | H65: Pass | I65: Second instance on :5002 with BASIC_AUTH_USER=u/PASSWORD=p: GET /api/settings no creds -> 401 body 'authentication required' + WWW-Authenticate: Basic realm="DockSentinel"; -u u:p -> 200; -u u:wrong -> 401; GET / and POST toggle -> 401. Main :5001 (not enabled) -> 200 without creds. | M65: 2026-08-15
A66: API-09 | B66: API: Security | C66: Basic auth exempts /api/health | D66: As Docker HEALTHCHECK I want /api/health reachable without credentials. | E66: With basic auth enabled, GET /api/health → 200 without Authorization header. | F66: app/security.py:22,66-67 | G66: With BASIC_AUTH_* set: curl -s -o /dev/null -w '%{http_code}' http://127.0.0.1:5001/api/health # expect 200 | H66: Pass | I66: On :5002 with basic auth enabled, GET /api/health without Authorization -> 200 {status:'ok',runtime:{...}}. | M66: 2026-08-15
... A113: API-56 | B113: API: General | C113: Unknown route / wrong method | D113: As a client I want standard 404/405 for unmapped paths and methods. | E113: GET /api/nope → 404 (Flask default); DELETE /api/settings → 405. | F113: app/__init__.py:31-48 | G113: curl -s -o /dev/null -w '%{http_code}' http://127.0.0.1:5001/api/nope # 404; curl -s -o /dev/null -w '%{http_code}' -X DELETE http://127.0.0.1:5001/api/settings # 405 | H113: Pass | I113: GET /api/nope -> 404; DELETE /api/settings -> 405. | M113: 2026-08-15
A114: API-57 | B114: API: Settings | C114: Settings response includes updated_at | D114: As an operator I want to see when settings last changed. | E114: GET/PUT /api/settings response contains updated_at (ISO datetime or null); PUT bumps it after save. | F114: app/schemas/settings.py:71; app/api/settings.py:39-42 | G114: curl -s http://127.0.0.1:5001/api/settings | grep -o '"updated_at": *"[^"]*"' | H114: Pass (after fix) | I114: GET/PUT /api/settings include updated_at and PUT bumps it (20:17:53 -> 20:18:05 after later PUT). But value is RFC 1123 HTTP-date 'Sat, 15 Aug 2026 20:18:05 GMT', not ISO 8601. | J114: Expected ISO datetime string; observed 'Sat, 15 Aug 2026 20:18:05 GMT'. Cause: SettingsSchema.model_dump() (app/schemas/settings.py:74) yields datetime, and Flask default JSON provider (no custom provider in app/__init__.py) serializes datetimes as HTTP-date. Same format on all other endpoints. Minor severity. | K114: __init__.py: ISOJSONProvider — datetimes serialised ISO-8601 | L114: updated_at now ISO-8601 (2026-08-15T20:36:56) | M114: 2026-08-15
A115: API-58 | B115: API: Security | C115: Session cookie hardening | D115: As an operator I want cookies SameSite=Lax and HttpOnly by default. | E115: App config SESSION_COOKIE_SAMESITE='Lax', SESSION_COOKIE_HTTPONLY=True set at install_security; BASIC_AUTH_ENABLED flag reflects env. | F115: app/security.py:85-96 | G115: Config-level; verify via python: from app import create_app; a=create_app(); print(a.config['SESSION_COOKIE_SAMESITE'], a.config['BASIC_AUTH_ENABLED']) | H115: Pass (after fix) | I115: create_app() config: SESSION_COOKIE_SAMESITE=None, SESSION_COOKIE_HTTPONLY=True, BASIC_AUTH_ENABLED=True with env vars set / False without. | J115: Expected SESSION_COOKIE_SAMESITE='Lax'; observed None. app/security.py:86 uses app.config.setdefault('SESSION_COOKIE_SAMESITE','Lax') but Flask's default config already defines that key as None, so setdefault is a no-op. HTTPONLY and BASIC_AUTH_ENABLED are correct. | K115: security.py: explicit set (Flask predefines key as None so setdefault was a no-op) | L115: SESSION_COOKIE_SAMESITE == 'Lax' | M115: 2026-08-15
A116: PIPE-01 | B116: Pipeline: Watcher | C116: Watcher start is idempotent | D116: As an operator, restarting the watcher must not leak old threads. | E116: start() calls stop() first if an event thread, reconcile thread or client already exists; then creates fresh _stop_event/_reconcile_now Events, docker.from_env(), starts daemon threads 'docker-events' and 'docker-reconcile', and runs reconcile() once synchronously. | F116: app/services/docker_watcher.py:46-67 | G116: tests/test_docker_watcher.py::test_stop_joins_threads_and_start_uses_fresh_events (patches docker.from_env with a fake client). | H116: Pass | I116: start() twice: stop() invoked once on restart, fresh Events, from_env twice, daemon threads named docker-events/docker-reconcile, reconcile ran once synchronously | M116: 2026-08-15
A117: PIPE-02 | B117: Pipeline: Watcher | C117: Watcher stop tears down workers | D117: As an operator, stopping the watcher must stop all per-container tail threads and close the docker client. | E117: stop() sets stop_event and reconcile_now, pops every worker, sets each worker stop_flag and joins with timeout=1, closes client (errors swallowed), joins event/reconcile threads with timeout=2 (skipping current thread), and nulls both thread refs. | F117: app/services/docker_watcher.py:69-92 | G117: tests/test_docker_watcher.py::test_stop_joins_threads_and_start_uses_fresh_events; assert active_container_ids()==[] after stop(). | H117: Pass | I117: stop(): stop_event+reconcile_now set, workers popped+joined, client closed (error swallowed) & nulled, threads joined & nulled, active_container_ids()==[] | M117: 2026-08-15
A118: PIPE-03 | B118: Pipeline: Watcher | C118: Event stream attach/detach | D118: As an operator, containers that start are tailed automatically and stopped ones are detached quickly. | E118: _watch_events iterates client.events(decode=True); ignores non-'container' types and events without id; on status start/restart calls _attach_container; on die/destroy/stop calls _detach_container. Any exception ends the loop with an exception log and relies on reconcile. | F118: app/services/docker_watcher.py:101-125 | G118: tests/test_container_events.py::test_watcher_dispatches_container_events uses a fake client whose events() yields dicts; assert _attach/_detach called via monkeypatch. No docker daemon needed. | H118: Pass | I118: start/restart->attach, die/destroy/stop->detach, non-container & id-less ignored, stream exception swallowed | M118: 2026-08-15
A119: PIPE-04 | B119: Pipeline: Watcher | C119: Lifecycle event dispatch | D119: As an operator, die/oom/kill/restart/start/unhealthy events reach the sentinel so they can be recorded. | E119: _dispatch_container_event forwards only statuses in CONTAINER_EVENT_STATUSES {die,oom,kill,restart,start,'health_status: unhealthy'}; copies Actor.Attributes, coerces exitCode to int when possible; name falls back to id[:12]; callback exceptions are logged and never stop the stream; no callback configured -> no-op. | F119: app/services/docker_watcher.py:21,127-144 | G119: tests/test_container_events.py::test_watcher_dispatches_container_events, ::test_watcher_callback_exception_does_not_kill_event_stream, ::test_watcher_without_callback_ignores_events. | H119: Pass | I119: existing tests pass; extra: name fallback id[:12], exitCode int coercion + raw fallback, attrs copied, non-listed status ignored | M119: 2026-08-15
A120: PIPE-05 | B120: Pipeline: Watcher | C120: Periodic reconcile loop | D120: As an operator, if the event stream misses something, the watcher self-heals within a minute. | E120: _reconcile_loop waits up to reconcile_interval_seconds (coordinator passes 60) on reconcile_now; when woken it clears the event and calls reconcile(); exits when its bound stop_event is set. force_reconcile() sets reconcile_now. | F120: app/services/docker_watcher.py:98-99,146-161; app/services/coordinator.py:239 | G120: Construct DockerWatcher with reconcile_interval_seconds=0.05 and a fake client; call force_reconcile(); assert reconcile ran (patch reconcile with a counter). No daemon needed. | H120: Pass | I120: force_reconcile wakes loop, event cleared, periodic ticks (5 in ~0.3s @0.05s), exits on stop_event | M120: 2026-08-15
A121: PIPE-06 | B121: Pipeline: Watcher | C121: Reconcile computes desired vs active set | D121: As an operator, running non-excluded containers are attached and vanished ones are detached. | E121: reconcile() lists client.containers.list(), drops containers where is_excluded_callback(name) is True, attaches desired-active ids, detaches active-desired ids (detach with name None). No-op when client is None. | F121: app/services/docker_watcher.py:163-183 | G121: Fake client with containers.list() returning objects with id/name/status; patch _tail_container to a no-op; assert active_container_ids() matches desired set and exclusion callback filters names. | H121: Pass | I121: excluded names filtered, desired-active attached, active-desired detached (name None), no-op when client None | M121: 2026-08-15
A122: PIPE-07 | B122: Pipeline: Watcher | C122: Attach guards | D122: As an operator, a container is never tailed twice and excluded containers are never attached. | E122: _attach_container returns early if id already in _workers (checked before and after containers.get), if containers.get raises, or if is_excluded_callback(container.name). Otherwise registers (name, thread, stop_flag) and starts a daemon thread named 'log-tail-<name>'. | F122: app/services/docker_watcher.py:185-214 | G122: Fake client; call _attach_container twice for same id; assert one worker. Call with excluded name; assert no worker. | H122: Pass | I122: double attach -> one worker; excluded name -> none; containers.get error -> none; thread named log-tail-<name>, daemon | M122: 2026-08-15
A123: PIPE-08 | B123: Pipeline: Watcher | C123: Detach triggers final flush | D123: As an operator, when a container stops, buffered lines are flushed for analysis rather than lost. | E123: _detach_container pops worker, sets stop_flag, joins thread (timeout=1), then calls line_callback(container_id, container_name or stored name, '', True) (flush_only). Unknown id -> no-op. | F123: app/services/docker_watcher.py:216-226 | G123: Register a fake worker in watcher._workers, call _detach_container, assert callback received flush_only=True with '' line. | H123: Pass | I123: detach pops worker, sets stop_flag, joins, callback(id, name-or-stored, '', True); unknown id no-op | M123: 2026-08-15
A124: PIPE-09 | B124: Pipeline: Watcher | C124: Tail reconnects after stream drop | D124: As an operator, a quiet container whose log stream times out keeps being monitored. | E124: _tail_container loops while container.status in {running,restarting}; container.logs(stream=True,follow=True,stdout=True,stderr=True,since=<epoch>) is re-opened after an exception with backoff starting 1.0s doubling to max 30s; since/backoff reset on each payload; empty lines skipped; clean end of stream breaks the loop. | F124: app/services/docker_watcher.py:228-269 | G124: tests/test_docker_watcher.py::test_dropped_stream_reconnects_then_deregisters_when_container_exits. | H124: Pass | I124: backoff 1,2,4,8,16,30,30; logs(stream,follow,stdout,stderr,since); empty lines skipped; clean end breaks; not-running exits | M124: 2026-08-15
A125: PIPE-10 | B125: Pipeline: Watcher | C125: Line callback errors don't kill tail | D125: As an operator, a DB hiccup on one line must not stop monitoring the container. | E125: Exceptions raised by line_callback are logged ('log line handler failed...') and the loop continues with the next payload. | F125: app/services/docker_watcher.py:257-260 | G125: tests/test_docker_watcher.py::test_line_callback_exception_does_not_kill_stream. | H125: Pass | I125: tests/test_docker_watcher.py::test_line_callback_exception_does_not_kill_stream passes: callback raising on 'boom' is logged, 'one','two' still delivered, single logs() call (no reconnect). | M125: 2026-08-15
A126: PIPE-11 | B126: Pipeline: Watcher | C126: Tail worker cleanup and error re-reconcile | D126: As an operator, a crashed tail worker deregisters itself and asks for prompt re-attach. | E126: In finally: worker entry removed only if its stop_flag matches; line_callback(id,name,'',True) called (errors logged); if the loop errored unexpectedly and neither stop flag is set, _reconcile_now is set. | F126: app/services/docker_watcher.py:270-286 | G126: tests/test_docker_watcher.py::test_unexpected_exception_deregisters_and_requests_reconcile, ::test_stop_flag_ends_tail_promptly. | H126: Pass | I126: existing tests pass; extra: worker kept when stop_flag differs; final-flush callback error swallowed; errored -> reconcile_now | M126: 2026-08-15
A127: PIPE-12 | B127: Pipeline: Buffer | C127: Continuation-line detection | D127: As an operator, stack-trace lines are recognized so traces are not split. | E127: is_continuation_line is True for lines starting with whitespace, 'at ', 'Traceback', 'File "', 'Caused by', or '...'; False for empty string and ordinary lines. | F127: app/services/log_buffer.py:23-29 | G127: tests/test_log_buffer.py::test_is_continuation_line_patterns. | H127: Pass | I127: test passes; patterns confirmed incl. edge cases | M127: 2026-08-15
... A147: PIPE-32 | B147: Pipeline: Triage | C147: process_chunk 'queued' (coalescing) | D147: As an operator, with a coalesce window set, chunks are held and batched. | E147: If coalesce=True and chunk_coalesce_window_seconds>0 (default 0 = off) and coalescer present: coalescer.enqueue(...) and event recorded status='queued', classification='noise'. flush_coalesced later joins chunks with '\n\n--- next chunk ---\n\n', trims to last max_input_chars, prefixes '[coalesced batch of N chunk(s)]\n', and calls process_chunk(coalesce=False). | F147: app/services/sentinel.py:337-350,460-476 | G147: No existing test. Snippet: set settings.chunk_coalesce_window_seconds=1, inject a fake coalescer capturing enqueue; assert status 'queued'; then call sentinel.flush_coalesced('c','c',['error a','error b']) and assert header/separator in event.chunk_excerpt. | H147: Pass | I147: default 0=off; window>0 -> enqueue + 'queued'/noise; coalesce=False bypasses; flush_coalesced joins with separator, trims to last max_input_chars, prefixes header, coalesce=False | M147: 2026-08-15
A148: PIPE-33 | B148: Pipeline: Triage | C148: LLM prompt construction | D148: As an operator, the LLM receives system prompt, JSON guard, and untrusted-log framing. | E148: messages = [system: SENTINEL_SYSTEM + '\n\n' + JSON_OUTPUT_GUARD (ONE system message — chat-template servers reject a second), user: SENTINEL_ANALYSIS + '=== CONTAINER ===' + name + '=== LOGS ===' warning + '<logs>...</logs>']. Missing template raises RuntimeError. max_tokens=reserved_output_tokens (default 600). | F148: app/services/sentinel.py:103-107,352-382 | G148: tests/test_sentinel_pipeline.py::test_sentinel_critical_pipeline with a fake llm client capturing messages; assert '<logs>' in the user content. | H148: Pass (after fix) | I148: Now [system(SENTINEL_SYSTEM+guard), user]; verified live against Qwen server. Story expectation updated to single system message. | K148: commit: guard appended to the single system message; bot merged too | L148: Pass | M148: 2026-08-15
A149: PIPE-34 | B149: Pipeline: Triage | C149: process_chunk 'llm_error' | D149: As an operator, LLM transport failures are recorded and the runtime degrades. | E149: Exception from llm_call_service.call -> event.status='llm_error', event.llm_error=str(exc), committed; SentinelState.llm_failure_count += 1, llm_last_failure_at=now, last_error=msg, runtime_status='degraded'. | F149: app/services/sentinel.py:109-115,383-389 | G149: Snippet: fake llm client whose complete() raises RuntimeError('boom'); process_chunk with keyword text; assert status 'llm_error' and SentinelState.singleton().runtime_status=='degraded'. | H149: Pass | I149: llm exception -> llm_error event committed; failure_count+1, last_failure_at, last_error, runtime degraded | M149: 2026-08-15
A150: PIPE-35 | B150: Pipeline: Triage | C150: process_chunk 'parse_error' | D150: As an operator, unparseable LLM replies are recorded and count as LLM failures. | E150: verdict None -> status='parse_error', parse_error text, model/latency_ms/prompt_version stored; _record_llm_failure('unparseable LLM reply: ' + first 300 chars) sets runtime_status='degraded'. | F150: app/services/sentinel.py:391-405 | G150: tests/test_review_batch2.py::test_parse_error_marks_runtime_degraded. | H150: Pass | I150: test passes; parse_error stores model/latency/prompt_version; degraded with 'unparseable LLM reply: ' + <=300 chars | M150: 2026-08-15
A151: PIPE-36 | B151: Pipeline: Triage | C151: process_chunk 'analyzed' and alert gating | D151: As an operator, valid verdicts are stored and alerts fire only at/above the min classification. | E151: status='analyzed'; classification/summary/root_cause_hypothesis/fix_suggestion/confidence copied; flushed so event.id exists; if rank(classification) >= rank(alert_min_classification) (noise=0,warning=1,critical=2; default 'critical') alert_service.maybe_send is called and alert_sent/alert_error stored; then mark_runtime_running(). | F151: app/services/sentinel.py:18-22,407-427 | G151: tests/test_sentinel_pipeline.py::test_sentinel_critical_pipeline; tests/test_track_a.py::test_warning_alerts_when_threshold_lowered. | H151: Pass | I151: tests pass; ranks noise0/warning1/critical2, default 'critical'; keyboard has event id; alert gating by threshold; runtime running | M151: 2026-08-15
A152: PIPE-37 | B152: Pipeline: Triage | C152: Runtime status recovery | D152: As an operator, after a successful analysis the degraded status clears. | E152: mark_runtime_running sets runtime_status='running' and last_error=None only when state.enabled is True; otherwise unchanged. | F152: app/services/sentinel.py:90-95 | G152: Snippet: mark_runtime_degraded('x'); set enabled True; process a chunk with fake LLM valid JSON; assert runtime_status=='running' and last_error is None. | H152: Pass | I152: successful analysis clears degraded -> running/last_error None; no-op when disabled | M152: 2026-08-15
A153: PIPE-38 | B153: Pipeline: Triage | C153: Container lifecycle events recorded | D153: As an operator, docker die/oom/etc. events appear as AnalysisEvents without an LLM call. | E153: handle_container_event returns None when disabled or excluded; else creates AnalysisEvent status='container_event', matched_keywords=<docker status>, summary='<name> <suffix>', chunk_excerpt=json attrs[:1200]. Classification: oom->critical 'was OOM killed'; unhealthy->critical; die exit 0/None->noise; die nonzero->critical with hints for 137/143/139; restart->warning; kill->warning ('received signal X' or 'was killed'); start->noise. | F153: app/services/sentinel.py:154-213 | G153: tests/test_container_events.py::test_die_nonzero_exit_is_critical_and_persisted, ::test_classification_matrix, ::test_disabled_or_excluded_records_nothing. | H153: Pass | I153: tests pass; full classification matrix incl. 143/139/None/kill w/o signal verified | M153: 2026-08-15
A154: PIPE-39 | B154: Pipeline: Triage | C154: Restart storm alert | D154: As an operator, I get one Telegram alert when a container dies repeatedly. | E154: On die/oom: if restart_alert_count (default 3) >0 and window (default 10 min) >0, count die/oom container_events for the container in window; if >= threshold and no storm alert sent for that container within alert_cooldown_minutes (default 10), send_plain('🔁 RESTART STORM · name · N exits in W min · last exit code X'); else alert_error='restart storm alert suppressed by cooldown'. | F154: app/services/sentinel.py:215-237 | G154: tests/test_container_events.py::test_restart_storm_alerts_once_at_threshold_and_respects_cooldown, ::test_restart_storm_ignores_events_outside_window, ::test_restart_storm_respects_global_rate_limit. | H154: Pass | I154: tests pass (threshold, cooldown suppression msg, window, global rate limit); defaults 3/10min/10min confirmed | M154: 2026-08-15
A155: PIPE-40 | B155: Pipeline: Triage | C155: Analyze container now | D155: As an operator, I can trigger an immediate analysis of a container's last 200 log lines. | E155: analyze_container_now uses docker.from_env(), raises ValueError if the container matches an exclusion, reads logs(tail=200,stdout,stderr), always closes client, substitutes 'No logs available from selected container.' for empty output, keeps only the last max_input_chars, and calls process_chunk(coalesce=False). | F155: app/services/sentinel.py:429-458 | G155: tests/test_track_a.py::test_analyze_now_refuses_excluded_and_closes_client, ::test_analyze_now_happy_path_closes_client, ::test_analyze_now_api_returns_400_and_ui_surfaces_error (docker.from_env patched). | H155: Pass | I155: tests pass; logs(tail=200,stdout,stderr); empty -> placeholder text; trimmed to last max_input_chars; client closed; coalesce bypassed | M155: 2026-08-15
A156: PIPE-41 | B156: Pipeline: Triage | C156: flush_idle_buffers | D156: As an operator, quiet buffers are analyzed on the health tick. | E156: Returns 0 when disabled; otherwise flush_idle() chunks are processed via process_chunk using chunk.container_name (fallback id), skipping containers now excluded; returns count processed. | F156: app/services/sentinel.py:263-280 | G156: tests/test_idle_flush.py::test_flush_idle_buffers_processes_stale_primed_chunk, ::test_flush_idle_buffers_noop_when_disabled. | H156: Pass | I156: tests pass; excluded (by buffered name) skipped; name falls back to id; returns processed count | M156: 2026-08-15
A157: PIPE-42 | B157: Pipeline: Triage | C157: Enable/disable state transitions | D157: As an operator, toggling the sentinel updates runtime_status and started_at. | E157: set_enabled(True): enabled=True, runtime_status='running', started_at=now. set_enabled(False): runtime_status='stopped', started_at=None. mark_runtime_degraded sets 'degraded' + last_error. SentinelState defaults: enabled False, runtime_status 'stopped', llm_failure_count 0. | F157: app/services/sentinel.py:76-88; app/models/sentinel_state.py:10-18 | G157: Snippet: with app.app_context(): svc.set_enabled(True); assert SentinelState.singleton().runtime_status=='running'; svc.set_enabled(False); assert 'stopped' and started_at is None. | H157: Pass | I157: defaults enabled False/stopped/0; set_enabled True->running+started_at; False->stopped+None; degraded sets last_error | M157: 2026-08-15
A158: PIPE-43 | B158: Pipeline: Alerts | C158: Per-container cooldown | D158: As an operator, the same container/classification does not re-alert within the cooldown. | E158: maybe_send: if cooldown_minutes>0 (default 10) and a *sent* alert exists for same container_id AND same classification since now-cooldown with a different id -> (False,'duplicate alert suppressed by cooldown',None). Different container or expired window is not suppressed. | F158: app/services/alerts.py:65-72; app/repositories/analysis_events.py:49-64 | G158: tests/test_sentinel_pipeline.py::test_sentinel_cooldown_suppresses_duplicate_alert; tests/test_track_a.py::test_cooldown_suppresses_different_chunk_same_container, ::test_cooldown_does_not_cross_containers_or_expired_window, ::test_repo_find_recent_alert_for_container_ignores_unsent. | H158: Pass | I158: 4 tests pass (same container+classification suppressed w/ exact message; cross-container/expired not; unsent ignored); default 10 | M158: 2026-08-15
A159: PIPE-44 | B159: Pipeline: Alerts | C159: Rejected-issue suppression | D159: As an operator, after I reject an issue for a container, alerts for it pause for 24h. | E159: If issue_repo configured and issue_repo.has_recent_rejected(container_name, now-24h) -> (False,'suppressed: recently rejected',None). REJECTED_ISSUE_SUPPRESS_HOURS=24. | F159: app/services/alerts.py:16,74-77 | G159: tests/test_track_a.py::test_recently_rejected_issue_suppresses_alert, ::test_old_rejected_issue_does_not_suppress. | H159: Pass | I159: tests pass; constant 24h; message 'suppressed: recently rejected' | M159: 2026-08-15
A160: PIPE-45 | B160: Pipeline: Alerts | C160: Global rate limit | D160: As an operator, total alerts are capped per window. | E160: count of alert_sent=True events since now-rate_limit_window_seconds (default 300) >= rate_limit_count (default 20) -> (False,'global rate limit exceeded',None). Applies to maybe_send and send_plain. | F160: app/services/alerts.py:79-83,89-95 | G160: tests/test_sentinel_pipeline.py::test_sentinel_rate_limit_suppresses_alert; tests/test_container_events.py::test_restart_storm_respects_global_rate_limit. | H160: Pass | I160: tests pass (maybe_send + send_plain paths); defaults 20/300s | M160: 2026-08-15
... A167: PIPE-52 | B167: Pipeline: LLM | C167: API JSON mode with 400 fallback | D167: As an operator, JSON mode is requested from compatible hosts and dropped if rejected. | E167: response_format={'type':'json_object'} added when (base_url contains an allowlisted host e.g. api.openai.com, :11434, localhost OR model starts with gpt-/o1/o3/o4/llama/qwen/mistral/deepseek/gemma/phi) AND any message contains the word JSON. On HTTP 400 mentioning 'response_format', retry once without it and never resend. | F167: app/services/llm_client.py:17-46,127-148 | G167: tests/test_llm_client.py::test_llm_client_json_mode_sent_then_dropped_on_400, ::test_llm_client_no_json_mode_for_markdown_prompt, ::test_json_mode_supported_heuristic. | H167: Pass | I167: 3 named tests pass: response_format json_object sent for host.docker.internal:11434 + 'JSON' prompt, dropped after 400 mentioning response_format and not resent; markdown prompt -> no json mode; heuristic host/model prefixes. | M167: 2026-08-15
A168: PIPE-53 | B168: Pipeline: LLM | C168: API retries and errors | D168: As an operator, transient LLM failures are retried with backoff. | E168: POST <base_url>/chat/completions with Bearer auth, temperature default 0.1, max_tokens. Status >=500 or 429, HTTPError, or malformed JSON -> retry up to max_retries with sleep starting 0.5s doubling; final failure raises RuntimeError(last_error). Success returns LLMResult(content, model, latency_ms, usage). | F168: app/services/llm_client.py:104-170 | G168: tests/test_llm_client.py::test_llm_client_retries. | H168: Pass (after fix) | I168: test_llm_client_retries passes + snippet: 500/429/malformed-JSON retried with sleeps 0.5,1,2; POST <base>/chat/completions, temperature 0.1, max_tokens; RuntimeError after retries; LLMResult fields. Note (13:20 edit): Bearer header only sent when api_key non-empty; 4xx now RuntimeError w/ detail. | J168: llm_client.chat_completion always sent Authorization: Bearer <key>; blank key → illegal header → every call errors. Also 4xx errors surfaced as bare '400 Bad Request' hiding server message. | K168: commit: omit Authorization when key blank; include server error detail | L168: tests/test_llm_client.py: no Authorization header for blank key; extra_body merged | M168: 2026-08-15
A169: PIPE-54 | B169: Pipeline: LLM | C169: CLI prompt rendering | D169: As an operator, CLI backends receive the full conversation as one text prompt. | E169: _render_cli_prompt emits header lines (called by DockSentinel, target model label, response token budget, temperature hint, instruction) then 'ROLE:\ncontent' sections joined by blank lines; result model label 'cli:<backend>', usage {}; RuntimeError if no cli_runner configured. | F169: app/services/llm_client.py:172-226 | G169: Snippet: LLMClient._render_cli_prompt(model='m',messages=[{'role':'user','content':'hi'}],max_tokens=5,temperature=0.1) contains 'USER:\nhi'; LLMClient(None).chat_completion_cli(...) raises RuntimeError. | H169: Pass | I169: header lines + ROLE:\ncontent sections joined by blank lines; RuntimeError without cli_runner; model label cli:<backend>, usage {} (checked in PIPE-51) | M169: 2026-08-15
A170: PIPE-55 | B170: Pipeline: LLM | C170: CLI backend script resolution and execution | D170: As an operator, a named backend runs <backends_dir>/<name>.sh with the prompt on stdin. | E170: Backend name must match ^[A-Za-z0-9_-]+$, script must exist and be executable else RuntimeError. Runs with DOCKSENTINEL_BACKEND env set; nonzero exit -> error from stderr/stdout; empty stdout -> 'returned empty output'; retries retries+1 attempts; success returns CLIBackendResult(content stripped, backend, latency_ms). | F170: app/services/cli_backends.py:55-71,101-145 | G170: tests/test_cli_backends.py::test_cli_backend_runner_executes_backend. | H170: Pass | I170: name regex, missing/non-exec RuntimeErrors; nonzero exit -> stderr/stdout/generic msg; empty output msg; retries+1 attempts; DOCKSENTINEL_BACKEND env; content stripped | M170: 2026-08-15
A171: PIPE-56 | B171: Pipeline: LLM | C171: CLI concurrency lock | D171: As an operator, only one CLI call runs at a time so agents don't stampede. | E171: BoundedSemaphore(max(1,max_concurrent_calls)); composition uses 1. acquire(timeout=timeout+5) failure -> 'cli backend call queue timeout (single-call lock busy)' and counts as an attempt. | F171: app/services/cli_backends.py:57-60,114-118; app/composition.py:33-36 | G171: tests/test_cli_backends.py::test_cli_backend_runner_single_concurrency_lock. | H171: Pass | I171: test passes + snippet: BoundedSemaphore(max(1,n)); busy lock -> RuntimeError 'cli backend call queue timeout (single-call lock busy)', each attempt waits timeout+5s (2 attempts=12.0s); composition.py uses max_concurrent_calls=1. | M171: 2026-08-15
A172: PIPE-57 | B172: Pipeline: LLM | C172: CLI env scrubbing | D172: As an operator, tool-capable CLIs must never see the app's secrets. | E172: build_backend_env passes only exact names (PATH, HOME, USER, LANG, proxies, CA vars, PYTHONPATH...), prefixes (XDG_, OLLAMA_, CLAUDE_, ANTHROPIC_, CODEX_, OPENAI_, GEMINI_, GOOGLE_, DOCKSENTINEL_CLI_) and names listed in DOCKSENTINEL_CLI_ENV_PASSTHROUGH; PATH defaults to /usr/local/bin:/usr/bin:/bin. SECRET_KEY/DATABASE_URL/TELEGRAM_* dropped. | F172: app/services/cli_backends.py:20-44 | G172: tests/test_review_batch2.py::test_build_backend_env_scrubs_app_secrets, ::test_cli_backend_child_does_not_see_secret. | H172: Pass | I172: tests pass; PATH default /usr/local/bin:/usr/bin:/bin; prefixes & exact names pass; secrets dropped | M172: 2026-08-15
A173: PIPE-58 | B173: Pipeline: LLM | C173: CLI timeout kills process group | D173: As an operator, a hung CLI (and its children) is killed on timeout, not just the wrapper. | E173: Popen with start_new_session=True; on TimeoutExpired os.killpg(pid, SIGKILL) (PermissionError -> kill wrapper only), wait 5s, error 'backend X timed out after Ns' and retry per max_retries; effective timeout = max(1, timeout_seconds). | F173: app/services/cli_backends.py:73-99,124-127 | G173: tests/test_review_batch2.py::test_cli_backend_timeout_kills_child_process_group. | H173: Pass | I173: test passes; timeout msg exact, timeout 0 -> 1s, retried per max_retries (2.0s), killpg/start_new_session/wait(5) in source | M173: 2026-08-15
A174: PIPE-59 | B174: Pipeline: Scheduler | C174: Nightly briefing generation | D174: As an operator, a daily report over the last 24h is generated with LLM help. | E174: generate_report: window now-24h; evidence lists analyzed events worst-first (max 300 critical/warning, fill to 500 with noise), pipeline status counts, up to 50 open/discussing LocalIssues, and per-container die/oom restart counts; LLM call max_tokens=1200 temperature=0.2; DailyReport status 'generated' with model from response and prompt_version. | F174: app/services/briefing.py:96-195,201-212 | G174: tests/test_briefing.py::test_generate_briefing, ::test_briefing_evidence_lists_analyzed_and_open_issues; tests/test_container_events.py::test_briefing_evidence_counts_container_events. | H174: Pass | I174: tests pass; 24h window; 300 crit/warn + fill to 500 noise; 50 open/discussing issues; max_tokens 1200 temp 0.2; status generated, model from response, prompt_version | M174: 2026-08-15
A175: PIPE-60 | B175: Pipeline: Scheduler | C175: Briefing fallback on LLM error | D175: As an operator, I still get a report when the LLM is down. | E175: On exception: status='llm_error', error stored, markdown = deterministic fallback with Executive Summary, Critical/Warning/Noise counts, Container Restarts lines '- name: N exit(s) (last: ...)', top 5 containers by volume. | F175: app/services/briefing.py:67-94,196-199 | G175: tests/test_briefing.py::test_generate_briefing_fallback_on_llm_error; tests/test_container_events.py::test_briefing_fallback_lists_restarts. | H175: Pass | I175: tests pass; fallback has counts, restart lines '- name: N exit(s) (last: ...)', top 5 containers | M175: 2026-08-15
A176: PIPE-61 | B176: Pipeline: Scheduler | C176: Nightly job schedule and Telegram push | D176: As an operator, the briefing runs at my configured time and is pushed to Telegram. | E176: refresh_schedule adds job 'nightly_briefing' CronTrigger(hour=nightly_hour default 0, minute=nightly_minute default 5), replace_existing, max_instances=1, coalesce. _run_nightly_job generates then pushes: only when status=='generated', token+chat_id configured, non-empty text; body '📋 DockSentinel nightly briefing\n\n'+text truncated to 3900 chars with '…'; failures only logged. | F176: app/services/coordinator.py:17,73-101,116-129 | G176: tests/test_track_a.py::test_nightly_job_pushes_briefing_to_telegram, ::test_nightly_job_skips_telegram_when_unconfigured_or_failed. | H176: Pass | I176: tests pass; cron hour/minute from settings (defaults 0/5), replace_existing, max_instances 1, coalesce; header + 3900 trunc with …; empty text skipped; failures logged | M176: 2026-08-15
A177: PIPE-62 | B177: Pipeline: Scheduler | C177: Daily prune job | D177: As an operator, low-value events older than the retention period are deleted daily. | E177: Job 'prune-events' at 03:15 daily; deletes rows with status in {skipped,dedup_skipped,rate_limited,queued,excluded} older than max(1,event_retention_days default 14) days; analyzed/parse_error/llm_error/container_event rows are never pruned; no-op if event_repo None; errors logged. | F177: app/services/coordinator.py:103-137; app/repositories/analysis_events.py:149-162 | G177: tests/test_track_a.py::test_prune_deletes_only_low_value_old_rows, ::test_coordinator_prune_job_and_schedule. | H177: Pass | I177: 2 named tests pass + snippet: default 14; job prune-events 03:15; only 5 low-value statuses deleted; no-op when event_repo None. Nuance: retention 0 is treated as 14 (`or 14` before max(1,..)); API rejects 0 so unreachable. | M177: 2026-08-15
A178: PIPE-63 | B178: Pipeline: Scheduler | C178: Runtime lock single owner | D178: As an operator, only one process runs the watcher/scheduler. | E178: _acquire_lock opens RUNTIME_LOCK_PATH, flock LOCK_EX|LOCK_NB, writes pid; BlockingIOError -> start() returns False. start() also returns False when TESTING is set or in Flask debug reloader parent (WERKZEUG_RUN_MAIN != 'true'); returns True if already started; stop() releases the lock. | F178: app/services/coordinator.py:46-71,201-213,268-286 | G178: tests/test_runtime_lock.py::test_runtime_lock_single_owner. | H178: Pass | I178: test passes; start() False under TESTING / debug reloader parent / lock held; True if already started; pid written; release nulls fd | M178: 2026-08-15
A179: PIPE-64 | B179: Pipeline: Scheduler | C179: Coordinator start wires runtime | D179: As an operator, starting the runtime sets state, starts watcher, scheduler, health monitor and bot. | E179: On start: runtime_status='running'+started_at if enabled else 'stopped'; last_error cleared; DockerWatcher(reconcile 60s) with callbacks wrapped in app_context; watcher.start() failure -> runtime_status='degraded', last_error 'docker watcher failed to start: ...'; BackgroundScheduler started, refresh_schedule, health monitor thread 'coordinator-health-check', telegram_bot.start(); state committed. | F179: app/services/coordinator.py:214-266 | G179: Needs docker.from_env patched (or a docker daemon). Snippet: create_app() with TESTING False and RUNTIME_LOCK_PATH temp, patch docker.from_env with a fake client, call coordinator.start(); assert SentinelState.runtime_status; then coordinator.stop(). | H179: Pass | I179: Snippet with docker.from_env patched: start() -> running+started_at (enabled) / stopped (disabled), last_error None, watcher(60s) threads alive, scheduler w/ both jobs, 'coordinator-health-check' thread, bot.start(); from_env raising -> degraded + 'docker watcher failed to start: no docker'; committ | M179: 2026-08-15
A180: PIPE-65 | B180: Pipeline: Scheduler | C180: Health monitor restarts dead watcher | D180: As an operator, a dead docker event or reconcile thread is restarted automatically. | E180: Every health_check_interval_seconds (default 30) the loop calls _check_watcher_health_once: if event thread missing/not alive -> restart watcher (stop, start, force_reconcile) and return True; else check reconcile thread likewise; restart failures logged and return False. | F180: app/services/coordinator.py:148-176,185-199 | G180: tests/test_runtime_lock.py::test_runtime_health_check_restarts_dead_watcher_thread. | H180: Pass | I180: test passes; default 30s; reconcile-thread death restarts; restart failure -> False; healthy -> False; loop ticks | M180: 2026-08-15
... A193: INT-11 | B193: Integration: Telegram bot | C193: Discussion transcript and LLM answer | D193: As an operator, my question and the LLM answer should be appended to the issue and answered in-thread. | E193: append_discussion('user', text) commit; _ask_llm; append_discussion('assistant', answer) commit; send answer replying to the user's message; if ok, issue.telegram_message_id updated to the answer's message id so the next reply threads. Discussion blocks are formatted '[YYYY-MM-DD HH:MM:SS] USER:\n<text>'. | F193: app/services/telegram_bot.py:205-218; app/models/local_issue.py:40-43 | G193: Partially covered by tests/test_review_batch2.py (monkeypatched _ask_llm). Add assertion that issue.discussion contains 'USER:' and 'ASSISTANT:' and telegram_message_id updated to fake message id. | H193: Pass | I193: test_int11: after owner reply, discussion contains '[YYYY-MM-DD HH:MM:SS] USER:\nwhy?' and 'ASSISTANT:\nthe answer'; answer sent as reply to user msg; telegram_message_id updated to 777. | M193: 2026-08-15
A194: INT-12 | B194: Integration: Telegram bot | C194: LLM ask composition | D194: As an operator, discussion answers should use the sentinel system prompt plus a focused follow-up instruction and be bounded. | E194: Messages: system=SENTINEL_SYSTEM prompt content (fallback SRE assistant text if lookup fails), second system instruction 'Keep replies under 1200 characters', user message with issue body, prior discussion or '(none)', and operator question; called with LLMConfig.from_settings(settings) and max_tokens=settings.reserved_output_tokens; empty content -> '(empty response)'; exception -> '[LLM error: ...]'. | F194: app/services/telegram_bot.py:261-295 | G194: No test. Unit: replace bot.llm_call_service with fake whose call() captures kwargs and returns object with content=''; assert '(empty response)' and messages[0]['role']=='system'; make call raise -> result startswith '[LLM error:'. | H194: Pass (after fix) | I194: test_int12: message structure, LLMConfig.from_settings, max_tokens=reserved_output_tokens, '(empty response)' and '[LLM error: ...]' all OK. But system prompt is ALWAYS the fallback SRE text: prompt_repo.get() does not exist (PromptRepository only has get_by_key), AttributeError is swallowed. | J194: Expected messages[0].content == SENTINEL_SYSTEM prompt; observed 'You are an SRE assistant helping triage Docker container issues.' every call. app/services/telegram_bot.py:264 calls self.prompt_repo.get(PromptKey.SENTINEL_SYSTEM) but app/repositories/prompts.py:7 only defines get_by_key -> AttributeError caught at :265. | K194: telegram_bot._ask_llm: get_by_key + fallback only when missing; regression test added | L194: regression test passes: bot uses SENTINEL_SYSTEM content, single system message | M194: 2026-08-15
A195: INT-13 | B195: Integration: Telegram notify | C195: send_message payload and result | D195: As the app, I want to send Telegram messages and learn the resulting message id. | E195: Returns (False,'telegram credentials are not configured',None) if token or chat_id empty. POSTs JSON to https://api.telegram.org/bot<token>/sendMessage with chat_id,text; adds reply_markup if given; reply_to_message_id plus allow_sending_without_reply=True if given; parse_mode if truthy; timeout 10s; returns (True,None,result.message_id); httpx.HTTPError -> (False,str(exc),None). | F195: app/services/telegram.py:13-42 | G195: Credential-missing branch covered by tests/test_api.py::test_core_api_endpoints (POST /api/telegram/test -> 400). Success path: monkeypatch httpx.Client with fake returning {'result':{'message_id':7}}; assert payload keys and (True,None,7). Real send needs live Telegram. | H195: Pass | I195: test_int13 (httpx.Client faked): no token/chat -> (False,'telegram credentials are not configured',None), no HTTP; POST .../bot<T>/sendMessage payload chat_id,text,+reply_markup,+reply_to_message_id&allow_sending_without_reply,+parse_mode; timeout 10; (True,None,7); ConnectError -> (False,str,None). | M195: 2026-08-15
A196: INT-14 | B196: Integration: Telegram notify | C196: Test Telegram endpoint | D196: As an operator, I want a button that sends a test message using saved settings. | E196: POST /api/telegram/test sends 'DockSentinel test message' with stored token/chat id; returns {ok:false,error} 400 on failure, {ok:true} 200 on success. | F196: app/api/telegram.py:11-23 | G196: Covered (failure path): tests/test_api.py::test_core_api_endpoints. Success path: monkeypatch services.telegram_notifier.send_message to return (True,None,1) then POST and assert 200. | H196: Pass | I196: tests/test_api.py::test_core_api_endpoints (400 unconfigured) + test_int14: 400 body ok=false with error; with token/chat set and notifier.send_message patched -> 200 ok=true, sent ('tok','1000','DockSentinel test message'). | M196: 2026-08-15
A197: INT-15 | B197: Integration: Telegram notify | C197: Edit/answer helpers swallow errors | D197: As the bot, I want keyboard stripping and callback acks to never raise. | E197: edit_message_reply_markup, edit_message_text, answer_callback_query return None immediately if token empty; otherwise POST to editMessageReplyMarkup/editMessageText/answerCallbackQuery with 10s timeout; answer_callback_query includes 'text' only if non-empty; httpx.HTTPError is swallowed. | F197: app/services/telegram.py:44-91 | G197: No test. Unit: monkeypatch httpx.Client to raise httpx.ConnectError; call each helper; assert no exception. Call with token='' and a Client mock that fails if used; assert not called. | H197: Pass | I197: test_int15: empty token -> no HTTP for all three helpers; URLs editMessageReplyMarkup/editMessageText/answerCallbackQuery; answer payload includes 'text' only when non-empty; timeout 10; httpx.ConnectError swallowed. | M197: 2026-08-15
A198: INT-16 | B198: Integration: Telegram notify | C198: get_updates raises on failure | D198: As the poll loop, I want transport errors surfaced so I can back off instead of spinning. | E198: Empty token -> []. GET getUpdates with params offset,timeout,allowed_updates='["message","callback_query"]', client timeout=timeout+10; returns data.result or []; httpx.HTTPError -> raises RuntimeError('telegram getUpdates failed: ...'). | F198: app/services/telegram.py:93-113 | G198: No test. Unit: monkeypatch httpx.Client.get to raise httpx.HTTPError; assert RuntimeError raised. Assert get_updates('',0)==[] without HTTP. | H198: Pass | I198: test_int16: get_updates('',0)==[] without HTTP; GET getUpdates params offset/timeout/allowed_updates='["message","callback_query"]', client timeout=timeout+10 (35); HTTPError -> RuntimeError('telegram getUpdates failed: ...'). | M198: 2026-08-15
A199: INT-17 | B199: Integration: Telegram notify | C199: Inline decision keyboard on alerts | D199: As an operator, every critical alert should include Reject/Approve/Discuss buttons keyed to the event id. | E199: AlertService builds reply_markup {'inline_keyboard':[[{'✕ Reject','reject:<id>'},{'✓ Approve','approve:<id>'},{'💬 Discuss','discuss:<id>'}]]} and passes it via TelegramAlertStrategy to send_message with settings token/chat id. | F199: app/services/alerts.py:28-44,86-87,131-140 | G199: Partly exercised in tests/test_track_a.py alert tests via fake strategy. Add: call AlertService._build_keyboard(5) and assert callback_data values 'reject:5','approve:5','discuss:5'. | H199: Pass | I199: test_int17: _build_keyboard(5) -> [('✕ Reject','reject:5'),('✓ Approve','approve:5'),('💬 Discuss','discuss:5')]; None->None; TelegramAlertStrategy passes markup+config chat/token to send_message; maybe_send end-to-end carries keyboard. | M199: 2026-08-15
A200: INT-18 | B200: Integration: Telegram notify | C200: Nightly briefing push | D200: As an operator, I want the nightly briefing sent to Telegram when configured. | E200: Coordinator pushes report body truncated to 3900 chars (ellipsis) with settings token/chat id; skips when either blank or report None; send failure or exception is logged as warning, not raised. | F200: app/services/coordinator.py:17,78-101 | G200: Covered: tests/test_track_a.py::test_nightly_job_pushes_briefing_to_telegram and ::test_nightly_job_skips_telegram_when_unconfigured_or_failed. | H200: Pass | I200: tests/test_track_a.py::test_nightly_job_pushes_briefing_to_telegram (len<=3900, header, token/chat) and ::test_nightly_job_skips_telegram_when_unconfigured_or_failed pass. | M200: 2026-08-15
A201: INT-19 | B201: Integration: CLI backends | C201: Wrapper stdin/stdout contract | D201: As an operator, I want to add a backend by dropping an executable llm-backends/<name>.sh. | E201: Runner resolves <backends_dir>/<name>.sh; name must match ^[A-Za-z0-9_-]+$ else 'invalid backend name'; missing -> 'backend script not found'; not executable -> 'backend script is not executable'. Script gets prompt on stdin, response read from stdout, non-zero exit is failure. | F201: app/services/cli_backends.py:55-71; llm-backends/README.md | G201: Covered: tests/test_cli_backends.py::test_cli_backend_runner_executes_backend. Add: run(backend='../x') raises 'invalid backend name'; chmod -x script -> 'not executable'. | H201: Pass | I201: tests/test_cli_backends.py::test_cli_backend_runner_executes_backend passes + test_int19: '../x' -> 'invalid backend name'; missing -> 'backend script not found'; chmod -x -> 'not executable'; stdin prompt echoed to stdout; non-zero exit -> RuntimeError. | M201: 2026-08-15
A202: INT-20 | B202: Integration: CLI backends | C202: Environment scrubbing | D202: As an operator, I want CLI agents never to see app secrets like SECRET_KEY or TELEGRAM tokens. | E202: build_backend_env passes only exact names (PATH, HOME, locale, proxy/CA vars, NODE_*, PYTHONPATH...) plus prefixes XDG_, OLLAMA_, CLAUDE_, ANTHROPIC_, CODEX_, OPENAI_, GEMINI_, GOOGLE_, DOCKSENTINEL_CLI_ and names in DOCKSENTINEL_CLI_ENV_PASSTHROUGH (comma-separated); PATH defaults to /usr/local/bin:/usr/bin:/bin; DOCKSENTINEL_BACKEND=<name> is added per run. | F202: app/services/cli_backends.py:20-44,122-123 | G202: Covered: tests/test_review_batch2.py::test_build_backend_env_scrubs_app_secrets and ::test_cli_backend_child_does_not_see_secret. Add: source with DOCKSENTINEL_CLI_ENV_PASSTHROUGH='FOO,BAR' passes FOO and BAR. | H202: Pass | I202: batch2 env tests pass + test_int20: PASSTHROUGH='FOO, BAR' passes FOO/BAR not BAZ; secrets dropped; exact names and all prefixes pass; PATH default '/usr/local/bin:/usr/bin:/bin'; DOCKSENTINEL_BACKEND=<name> visible to script. | M202: 2026-08-15
A203: INT-21 | B203: Integration: CLI backends | C203: Timeout kills whole process group | D203: As an operator, a hung CLI must not keep spending tokens after timeout. | E203: Wrapper runs with start_new_session=True; on TimeoutExpired the runner SIGKILLs the process group (falls back to killing wrapper on PermissionError), waits up to 5s, and records error "backend '<name>' timed out after <n>s"; retried per max_retries then RuntimeError. | F203: app/services/cli_backends.py:73-99,125-127 | G203: Covered: tests/test_review_batch2.py::test_cli_backend_timeout_kills_child_process_group. | H203: Pass | I203: tests/test_review_batch2.py::test_cli_backend_timeout_kills_child_process_group passes (child gone) + test_int21: error 'backend 'slow' timed out after 1s'. start_new_session=True/killpg confirmed in source. | M203: 2026-08-15
A204: INT-22 | B204: Integration: CLI backends | C204: Single-call semaphore and retries | D204: As an operator, I want CLI calls serialized and retried a bounded number of times. | E204: BoundedSemaphore(max(1,max_concurrent_calls)); acquire timeout = timeout+5, failure records 'cli backend call queue timeout (single-call lock busy)'; loop runs retries+1 attempts; non-zero exit -> error from stderr/stdout/exit code; empty stdout -> "returned empty output"; success returns CLIBackendResult(content stripped, backend, latency_ms). | F204: app/services/cli_backends.py:57-60,101-145 | G204: Covered: tests/test_cli_backends.py::test_cli_backend_runner_single_concurrency_lock and ::test_cli_backend_runner_executes_backend. Add: script 'exit 3' with max_retries=1 -> RuntimeError containing 'exit code 3'; script printing nothing -> 'returned empty output'. | H204: Pass | I204: test_cli_backends lock/exec tests pass + test_int22: exit 3 with max_retries=1 -> 2 attempts and 'exit code 3'; blank stdout -> 'returned empty output'; stderr surfaced; content stripped; max_concurrent_calls=0 -> 1; held semaphore -> 'single-call lock busy' after timeout+5s. | M204: 2026-08-15
A205: INT-23 | B205: Integration: CLI backends | C205: claude.sh non-agentic exec | D205: As an operator using Claude CLI, I want the wrapper to run without tools and exec so timeouts kill it. | E205: Exits 1 with 'claude CLI is not installed or not in PATH' if missing; reads whole stdin; adds --tools "" only if `claude --help` mentions --tools; execs `claude -p [--tools ""] "$prompt"`. | F205: llm-backends/claude.sh:4-16 | G205: No test. Fake: put a stub 'claude' script on PATH that prints its args; run runner with backends_dir=llm-backends backend='claude'; assert output contains '-p'. Without stub expect RuntimeError 'claude CLI is not installed'. | H205: Pass | I205: llm-backends/claude.sh via runner: no claude on PATH -> 'claude CLI is not installed or not in PATH'; stub whose --help mentions --tools receives '-p --tools PROMPT'. Note: no-'--tools' branch fails under macOS bash 3.2 ('extra[@]: unbound variable', needs bash>=4.4); Docker image bash 5.2 is fine. | M205: 2026-08-15
A206: INT-24 | B206: Integration: CLI backends | C206: codex.sh read-only sandbox | D206: As an operator using Codex, I want it sandboxed read-only and only the last message returned. | E206: Exits 1 if codex missing; runs `codex exec --skip-git-repo-check --ephemeral --sandbox read-only --output-last-message <tmp> "$prompt"` with stdout discarded; cats the tmp file; tmp removed on EXIT trap. | F206: llm-backends/codex.sh:4-22 | G206: No test. Fake 'codex' stub on PATH that writes 'ok' to the path after --output-last-message; assert runner content=='ok'. Real run needs codex installed (Dockerfile installs @openai/codex). | H206: Pass | I206: codex.sh via runner with stub codex: missing -> 'codex CLI is not installed'; args 'exec --skip-git-repo-check --ephemeral --sandbox read-only --output-last-message <tmp> PROMPT'; stub stdout discarded; content=='ok' from tmp file; tmp file removed after exit. | M206: 2026-08-15
... A240: INT-58 | B240: Ops: Onboarding | C240: Environment variable table accuracy | D240: As an operator, I want the README env table to match code defaults. | E240: README documents SECRET_KEY(required,>=16,no placeholder), DATABASE_URL, RUNTIME_LOCK_PATH, START_COORDINATOR true, DOCKER_HOST, CLI_BACKENDS_DIR, APP_PORT 5000, MDNS_ENABLED false, MDNS_HOSTNAME docksentinel, MDNS_PORT 80, BASIC_AUTH_USER/PASSWORD, DOCKSENTINEL_CLI_ENV_PASSTHROUGH; matches app/config.py, app/__init__.py, cli_backends.py, entrypoint. | F240: README.md:155-171; app/config.py:23-49; app/__init__.py:89-95; docker-entrypoint.sh:40 | G240: Manual doc review against code; BASIC_AUTH covered by tests/test_security.py::test_basic_auth_when_configured. | H240: Pass | I240: README env table vs code: SECRET_KEY rules, DATABASE_URL/RUNTIME_LOCK_PATH dev defaults, START_COORDINATOR true, CLI_BACKENDS_DIR, APP_PORT 5000 (entrypoint), MDNS_* (app/__init__.py), BASIC_AUTH_* (security.py, test ok), DOCKSENTINEL_CLI_ENV_PASSTHROUGH; DOCKER_HOST via docker.from_env(). | M240: 2026-08-15
A241: INT-59 | B241: Ops: Onboarding | C241: Local development workflow | D241: As a developer, I want to run the app locally with a venv and manual alembic. | E241: README: python3.12 venv, pip install -r requirements.txt, `flask --app app run --debug`; SQLite at ./data/docksentinel.db; run `alembic upgrade head` manually. Tests: `pytest -q`, coverage gated at 80%. | F241: README.md:238-259; pytest.ini | G241: Run `pytest -q` locally; run `alembic upgrade head` in a fresh checkout and confirm ./data/docksentinel.db created. | H241: Pass (after fix) | I241: Fresh copy of repo (with data/.gitkeep): `alembic upgrade head` without DATABASE_URL creates ./data/docksentinel.db at c3d4e5f6a7b8. `pytest -q` in repo: 137 passed, coverage 83.75% >= 80% gate (pytest.ini). Minor: README says '46 tests'. | J241: README.md:244-250 order/wording; app/__init__.py:70-72 (create_all gated on TESTING). Expected: first-run works or README says run `alembic upgrade head` BEFORE first `flask run`. | K241: README local-dev: run alembic upgrade head before first flask run | L241: README now says alembic upgrade head before first flask run | M241: 2026-08-15
A242: INT-60 | B242: Ops: Onboarding | C242: CI workflow | D242: As a maintainer, I want CI to run the test suite on every push and PR. | E242: GitHub Actions 'CI': on push (all branches) and pull_request; ubuntu-latest, python 3.12 with pip cache, installs requirements, runs `python -m pytest -q` with TESTING=true and START_COORDINATOR=false. | F242: .github/workflows/ci.yml:1-25 | G242: Push a branch and observe Actions run; locally replicate with `TESTING=true START_COORDINATOR=false python -m pytest -q`. | H242: Pass | I242: Static .github/workflows/ci.yml: name CI; on push branches ['**'] and pull_request; ubuntu-latest; setup-python 3.12 cache pip; pip install -r requirements.txt; `python -m pytest -q` with TESTING=true START_COORDINATOR=false. Replicated locally: 137 passed. | M242: 2026-08-15
A243: UX-01 | B243: UI: Cross-cutting | C243: Timestamp formatting | D243: As an operator I want timestamps shown as readable local-ish datetimes so I can scan lists. | E243: All rendered datetimes (events, issues, reports, dashboard) show 'YYYY-MM-DD HH:MM:SS' (or relative) — never Python's default repr with microseconds. | F243: app/templates/insights.html, issues.html, reports.html, dashboard.html | G243: Open /insights, /issues?id=N, /reports with seeded rows; inspect time columns. | H243: Pass (after fix) | I243: Events/Issues/Reports/Dashboard show e.g. '2026-08-15 20:30:46.327049' | J243: Templates print datetime objects directly (str()) → microseconds. Add a Jinja filter `dt` → strftime('%Y-%m-%d %H:%M:%S') and apply everywhere. | K243: __init__: |dt Jinja filter applied in dashboard/insights/issues/reports | L243: /insights times render 'YYYY-MM-DD HH:MM:SS' | M243: 2026-08-15
A244: UX-02 | B244: UI: Events | C244: Severity badge for non-analysed rows | D244: As an operator I don't want a misleading 'noise' badge on rows that never got a classification (llm_error, parse_error, container_event with none). | E244: Rows whose classification is None show '—' (neutral) instead of defaulting to 'noise'; llm_error/parse_error rows show an error-styled status badge. | F244: app/templates/insights.html | G244: Seed an llm_error event; open /insights; check the severity cell. | H244: Pass (after fix) | I244: llm_error row shows 'noise' severity badge; skipped rows show 'noise' + 'skipped' badge (redundant). | J244: insights.html severity badge falls back to 'noise' when classification is None. | K244: insights.html: '—' for unclassified, 'error' badge for llm/parse errors | L244: llm_error row shows 'error' badge; unclassified '—' | M244: 2026-08-15
A245: UX-03 | B245: UI: Issues | C245: Issue body rendering | D245: As an operator I want the issue body (markdown built by the bot) rendered like reports, not raw '# heading' text. | E245: Issue detail renders body via markdown_lite (headings, lists, code) inside .prose; discussion transcript keeps monospace. | F245: app/templates/issues.html, app/web/routes.py issues_page, app/web/markdown_lite.py | G245: Open /issues?id=1 with a seeded markdown body; headings render as <h1>/<h2>. | H245: Pass (after fix) | I245: Issue body shows raw markdown ('# app OOM killed') in a <pre>. | J245: issues.html renders issue.body in <pre>; route doesn't call render_markdown. | K245: routes.issues_page passes selected_body_html via render_markdown; template uses .prose | L245: /issues?id=2 renders <h1> from body markdown | M245: 2026-08-15
A246: UX-04 | B246: UI: Dashboard | C246: First-run checklist LLM criterion | D246: As a new user I want 'Configure the LLM' ticked only when the LLM has actually been verified. | E246: Checklist item is done when base_url+model are set AND (api transport: a Test LLM has succeeded or api_key set for non-local hosts) — at minimum not ticked on the pristine defaults; simplest: track last successful test-llm timestamp in SentinelState/settings and use that. | F246: app/templates/dashboard.html checklist, app/web/routes.py dashboard | G246: Fresh DB → /dashboard: LLM item should be unticked; after POST /api/settings/test-llm succeeds it ticks. | H246: Pass (after fix) | I246: Pristine DB (api key '', model llama3, default base_url) shows 'Configure the LLM' as done. | J246: dashboard checklist criterion too weak. | K246: dashboard checklist llm_ready = state.llm_last_test_ok_at set (recorded on successful test-llm) | L246: pristine state: 0 checklist items ticked; ticks after test-llm succeeds | M246: 2026-08-15
A247: OPS-01 | B247: Ops: Live deploy | C247: Secrets never appear in container logs | D247: As an operator I want bot tokens/API keys never written to docker logs. | E247: Telegram HTTP errors are logged without the token URL; LLM errors don't include api keys. | F247: app/services/telegram.py, telegram_bot.py | G247: docker logs docksentinel | grep -c 'bot[0-9]*:' → 0 while a 409/401 is happening. | H247: Fixed - retest | I247: Live logs showed full bot token in getUpdates 409 traceback | J247: telegram.get_updates raised RuntimeError(str(exc)) incl. URL with token; bot logged traceback every 5s | K247: redact + one-line warning | M247: 2026-08-15
A248: OPS-02 | B248: Ops: Live deploy | C248: Legacy volume upgrade on Unraid | D248: As an operator upgrading the old April deployment I want the container to come up healthy on the existing data volume. | E248: Compose up on Tower with volume docksentinel_docksentinel_data → migrations 0006-0009 apply, health 200 at http://10.0.0.220/api/health. | F248: docker-entrypoint.sh, docker-compose.unraid.example.yml | G248: docker logs docksentinel | grep 'Running upgrade'; curl http://10.0.0.220/api/health | H248: Pass | I248: Legacy volume: stamp path not needed (alembic_version existed at c9a0d7f2e411); 0006→0009 applied; healthy | M248: 2026-08-15

Sheet Summary
A1: Status | B1: Count
A2: Not tested | B2: =COUNTIF(Stories!$H$2:$H$248,A2)
A3: Pass | B3: =COUNTIF(Stories!$H$2:$H$248,A3)
A4: Fail | B4: =COUNTIF(Stories!$H$2:$H$248,A4)
A5: Fixed - retest | B5: =COUNTIF(Stories!$H$2:$H$248,A5)
A6: Pass (after fix) | B6: =COUNTIF(Stories!$H$2:$H$248,A6)
A7: Blocked (needs docker/LLM/Telegram) | B7: =COUNTIF(Stories!$H$2:$H$248,A7)
A8: Won't fix | B8: =COUNTIF(Stories!$H$2:$H$248,A8)
A9: Total stories | B9: =COUNTA(Stories!$A$2:$A$248)
A10: Pass rate (Pass + Pass after fix) | B10: =IFERROR((B3+B6)/B9,0)
A12: Per area
A13: Area | B13: Stories | C13: Pass | D13: Fail
A14: API: Errors | B14: =COUNTIF(Stories!$B$2:$B$248,A14) | C14: =COUNTIFS(Stories!$B$2:$B$248,A14,Stories!$H$2:$H$248,"Pass")+COUNTIFS(Stories!$B$2:$B$248,A14,Stories!$H$2:$H$248,"Pass (after fix)") | D14: =COUNTIFS(Stories!$B$2:$B$248,A14,Stories!$H$2:$H$248,"Fail")
A15: API: Exclusions | B15: =COUNTIF(Stories!$B$2:$B$248,A15) | C15: =COUNTIFS(Stories!$B$2:$B$248,A15,Stories!$H$2:$H$248,"Pass")+COUNTIFS(Stories!$B$2:$B$248,A15,Stories!$H$2:$H$248,"Pass (after fix)") | D15: =COUNTIFS(Stories!$B$2:$B$248,A15,Stories!$H$2:$H$248,"Fail")
A16: API: General | B16: =COUNTIF(Stories!$B$2:$B$248,A16) | C16: =COUNTIFS(Stories!$B$2:$B$248,A16,Stories!$H$2:$H$248,"Pass")+COUNTIFS(Stories!$B$2:$B$248,A16,Stories!$H$2:$H$248,"Pass (after fix)") | D16: =COUNTIFS(Stories!$B$2:$B$248,A16,Stories!$H$2:$H$248,"Fail")
A17: API: Health | B17: =COUNTIF(Stories!$B$2:$B$248,A17) | C17: =COUNTIFS(Stories!$B$2:$B$248,A17,Stories!$H$2:$H$248,"Pass")+COUNTIFS(Stories!$B$2:$B$248,A17,Stories!$H$2:$H$248,"Pass (after fix)") | D17: =COUNTIFS(Stories!$B$2:$B$248,A17,Stories!$H$2:$H$248,"Fail")
A18: API: Insights | B18: =COUNTIF(Stories!$B$2:$B$248,A18) | C18: =COUNTIFS(Stories!$B$2:$B$248,A18,Stories!$H$2:$H$248,"Pass")+COUNTIFS(Stories!$B$2:$B$248,A18,Stories!$H$2:$H$248,"Pass (after fix)") | D18: =COUNTIFS(Stories!$B$2:$B$248,A18,Stories!$H$2:$H$248,"Fail")
A19: API: Issues | B19: =COUNTIF(Stories!$B$2:$B$248,A19) | C19: =COUNTIFS(Stories!$B$2:$B$248,A19,Stories!$H$2:$H$248,"Pass")+COUNTIFS(Stories!$B$2:$B$248,A19,Stories!$H$2:$H$248,"Pass (after fix)") | D19: =COUNTIFS(Stories!$B$2:$B$248,A19,Stories!$H$2:$H$248,"Fail")
A20: API: Ollama | B20: =COUNTIF(Stories!$B$2:$B$248,A20) | C20: =COUNTIFS(Stories!$B$2:$B$248,A20,Stories!$H$2:$H$248,"Pass")+COUNTIFS(Stories!$B$2:$B$248,A20,Stories!$H$2:$H$248,"Pass (after fix)") | D20: =COUNTIFS(Stories!$B$2:$B$248,A20,Stories!$H$2:$H$248,"Fail")
A21: API: Prompts | B21: =COUNTIF(Stories!$B$2:$B$248,A21) | C21: =COUNTIFS(Stories!$B$2:$B$248,A21,Stories!$H$2:$H$248,"Pass")+COUNTIFS(Stories!$B$2:$B$248,A21,Stories!$H$2:$H$248,"Pass (after fix)") | D21: =COUNTIFS(Stories!$B$2:$B$248,A21,Stories!$H$2:$H$248,"Fail")
A22: API: Reports | B22: =COUNTIF(Stories!$B$2:$B$248,A22) | C22: =COUNTIFS(Stories!$B$2:$B$248,A22,Stories!$H$2:$H$248,"Pass")+COUNTIFS(Stories!$B$2:$B$248,A22,Stories!$H$2:$H$248,"Pass (after fix)") | D22: =COUNTIFS(Stories!$B$2:$B$248,A22,Stories!$H$2:$H$248,"Fail")
A23: API: Security | B23: =COUNTIF(Stories!$B$2:$B$248,A23) | C23: =COUNTIFS(Stories!$B$2:$B$248,A23,Stories!$H$2:$H$248,"Pass")+COUNTIFS(Stories!$B$2:$B$248,A23,Stories!$H$2:$H$248,"Pass (after fix)") | D23: =COUNTIFS(Stories!$B$2:$B$248,A23,Stories!$H$2:$H$248,"Fail")
A24: API: Sentinel | B24: =COUNTIF(Stories!$B$2:$B$248,A24) | C24: =COUNTIFS(Stories!$B$2:$B$248,A24,Stories!$H$2:$H$248,"Pass")+COUNTIFS(Stories!$B$2:$B$248,A24,Stories!$H$2:$H$248,"Pass (after fix)") | D24: =COUNTIFS(Stories!$B$2:$B$248,A24,Stories!$H$2:$H$248,"Fail")
A25: API: Settings | B25: =COUNTIF(Stories!$B$2:$B$248,A25) | C25: =COUNTIFS(Stories!$B$2:$B$248,A25,Stories!$H$2:$H$248,"Pass")+COUNTIFS(Stories!$B$2:$B$248,A25,Stories!$H$2:$H$248,"Pass (after fix)") | D25: =COUNTIFS(Stories!$B$2:$B$248,A25,Stories!$H$2:$H$248,"Fail")
... A52: UI: Shell | B52: =COUNTIF(Stories!$B$2:$B$248,A52) | C52: =COUNTIFS(Stories!$B$2:$B$248,A52,Stories!$H$2:$H$248,"Pass")+COUNTIFS(Stories!$B$2:$B$248,A52,Stories!$H$2:$H$248,"Pass (after fix)") | D52: =COUNTIFS(Stories!$B$2:$B$248,A52,Stories!$H$2:$H$248,"Fail")

Sheet Legend
A1: Column | B1: Meaning
A2: Status | B2: Pick from list: Not tested / Pass / Fail / Fixed - retest / Pass (after fix) / Blocked (needs docker/LLM/Telegram) / Won't fix
A3: Test result | B3: What actually happened when the 'How to test' steps were run
A4: Error notes | B4: Concrete defect: request → observed vs expected, file:line if known
A5: Fix (commit / note) | B5: Commit hash or short note on the fix
A6: Retest result | B6: Outcome of re-running the story after the fix
A7: Editable cells | B7: Columns H–M on the Stories sheet are the tracking columns; A–G are derived from code by the inventory pass
